<stand>
	<loop_mode>pingpong</loop_mode>
	<x>0</x>
	<y>0</y>
	<width>120</width>
	<height>110</height>
	<frames>3</frames>
	<delays>
		<0>150</0>
		<1>150</1>
		<2>150</2>
	</delays>
</stand>

<attack>
	<looping>false</looping>
	<x>0</x>
	<y>110</y>
	<width>120</width>
	<height>110</height>
	<frames>3</frames>
	<delays>
		<0>150</0>
		<1>150</1>
		<2>150</2>
	</delays>
</attack>

<cast>
	<looping>false</looping>
	<x>0</x>
	<y>220</y>
	<width>120</width>
	<height>110</height>
	<frames>4</frames>
	<delays>
		<0>150</0>
		<1>150</1>
		<2>150</2>
		<3>150</3>
	</delays>
</cast>

